Nome do Produto	Preço	SKU/Código	EAN/GTIN	Imagem 1	Imagem 2	Imagem 3	Imagem 4	Imagem 5	Todas as Imagens
Chuveiro Bello Banho 127V 5500W Branco	R$ 127,00	686669004	7896451859617	https://media.falabella.com/sodimacBR/686669004/public	https://media.falabella.com/sodimacBR/686669004_1/w=76,h=76,f=webp,fit=contain,q=85	https://media.falabella.com/sodimacBR/686669004_50/w=76,h=76,f=webp,fit=contain,q=85	https://media.falabella.com/sodimacBR/686669004/w=1036,h=832,f=webp,fit=contain,q=85	https://media.falabella.com/sodimacBR/686669004_1/w=1160	https://media.falabella.com/sodimacBR/686669004/public | https://media.falabella.com/sodimacBR/686669004_1/w=76,h=76,f=webp,fit=contain,q=85 | https://media.falabella.com/sodimacBR/686669004_50/w=76,h=76,f=webp,fit=contain,q=85 | https://media.falabella.com/sodimacBR/686669004/w=1036,h=832,f=webp,fit=contain,q=85 | https://media.falabella.com/sodimacBR/686669004_1/w=1160
Chuveiro Elétrico Bella Ducha 4T 220V 6800W Branco Lorenzetti	R$ 89,90	118719		https://media.falabella.com/sodimacBR/118719/public	https://media.falabella.com/sodimacBR/118719_1/public	https://media.falabella.com/sodimacBR/118719_2/public
Ducha Top Jet Eletrônico 220V 7500W Branco	R$ 206,56	282275	7896451852489	https://media.falabella.com/sodimacBR/282275/public	https://media.falabella.com/sodimacBR/282275_1/public	https://media.falabella.com/sodimacBR/282275_2/public
Ducha Multitemperatura Advanced 4 Temperaturas 220V 7500W Branco	R$ 349,00	8153	7896451837813	https://media.falabella.com/sodimacBR/8153/public	https://media.falabella.com/sodimacBR/8153_1/public	https://media.falabella.com/sodimacBR/8153_2/public
Ducha Advanced Multitemperatura 127V 5500W Branco	R$ 219,00	8148		https://media.falabella.com/sodimacBR/8148/public	https://media.falabella.com/sodimacBR/8148_1/public	https://media.falabella.com/sodimacBR/8148_2/public
Ducha Advanced Multitemperatura 7500W 220V Branco Lorenzetti	R$ 189,00	8150	7896451837318	https://media.falabella.com/sodimacBR/8150/public	https://media.falabella.com/sodimacBR/8150_1/public
Chuveiro Eletrônico Ducha Loren Shower Ultra Eletrônica 220V 7500w Lorenzetti	R$ 133,00	887524		https://media.falabella.com/sodimacBR/887524/public	https://media.falabella.com/sodimacBR/887524_1/public
Chuveiro Elétrico Acqua Duo 6800W 220V Branco Lorenzetti	R$ 640,00	755319	7896451869968	https://media.falabella.com/sodimacBR/755319/public	https://media.falabella.com/sodimacBR/755319_1/public
Chuveiro Acqua Duo 220V 7800W Preto e Cromado Lorenzetti	R$ 114,90	755320001		https://media.falabella.com/sodimacBR/755320001/public	https://media.falabella.com/sodimacBR/755320001_1/public
